ID,Arousal,Valence
SORSEYK12AB01870D6,0.14061111111111113,0.08333333333333333
SOIHMRM12A6D4F89CC,0.7417222222222222,0.13888888888888884
SOUUOFU12AB018157C,0.598037037037037,0.11111111111111116
SOQERJP12A8C14130F,0.33789259259259263,0.027777777777777752
SOFAICL12AB018F914,0.4830407407407407,-0.25
SOLPVLB12AB01879CB,0.3224296296296296,0.13888888888888884
SOPOJSW12AC468C5D5,0.31169259259259263,0.22222222222222218
SOXNNAL12AB0182E8A,0.5760148148148149,0.11111111111111116
SONBZRB12A6D4FA945,0.2638111111111111,-0.08333333333333333
SOKIDCN12AB01828E0,0.6041481481481482,0.11111111111111116
SOZCFCW12A8C145A3A,0.39035185185185184,-0.08333333333333333
SOMNOUE12A8C130DDE,0.3381555555555556,-0.08333333333333333
SOWNIIQ12AC468CB58,0.3776074074074074,-0.19444444444444445
SOEGCGK12A6D4FB978,0.4396444444444444,0.5459325396825396
SOLHEQX12A8C135403,0.35236296296296293,0.22222222222222218
SOCXWEG12A6D4FBEA3,0.5472037037037037,-0.02777777777777779
SOIFHTU12AC46867F6,0.4682148148148148,0.0
SOZQDOQ12A8C14538E,0.5257259259259259,0.7103174603174603
SOSXJSF12A8C13DD2D,0.5184814814814815,0.0
SOWTMAZ12A58A7DA40,0.48518518518518516,0.1944444444444445
SOQZCRW12AC468B0C0,0.5229074074074074,0.0
SOYRPRE12AB018B083,0.3184481481481482,0.16666666666666666
SOZQPHD12AB0183D23,0.8558851851851853,-0.13888888888888892
SOQAWIC12A8C13A120,0.4487481481481482,0.027777777777777752
SORYPLB12A8C142025,0.5190518518518519,0.027777777777777752
SOBUHQT12AB0186C07,0.4470962962962963,-0.02777777777777779
SOGBEWD12A8C1427C8,0.5494925925925926,0.08333333333333333
SOZCWXS12AB018514C,0.5620222222222223,-0.22222222222222224
SOPBAMQ12A8C13A815,0.597574074074074,-0.25
SOBRZQM12A6D4F6896,0.5504703703703704,-0.02777777777777779
SOWOLDP12A8C132015,0.37546296296296294,0.7166666666666667
SOWIDQC12AB0183BAE,0.32779629629629625,-0.13888888888888892
SOUOMRB12AB017EBE9,0.7664296296296296,0.055555555555555504
SOSECUN12A8C13E654,0.3515481481481481,-0.11111111111111109
SOQCJNI12A8C142188,0.3832037037037037,0.4651960784313725
SOYSUZL12A6D4F9005,0.335937037037037,0.16666666666666666
SOSYIEX12A58A7D0F7,0.48753333333333326,0.7222222222222222
SOCLYJV12A8C13F5DC,0.2963037037037037,0.05555555555555558
SORBCPH12A67ADD062,0.505525925925926,-0.19444444444444445
SOCERIC12AB0184710,0.3678111111111111,0.05555555555555558
SOYNTSK12AB0184C2F,0.3475814814814815,-0.11111111111111109
SOKGYMR12A8C1433E3,0.39339999999999997,-0.08333333333333333
SOJKYRI12A58A7D06C,0.5632481481481482,0.11111111111111116
SOFBCXN12A8C13C8C8,0.4854592592592592,0.6235185185185186
SOPGUJO12AB0186DF1,0.555737037037037,0.5116666666666667
SOZSGFG12AB017D099,0.43269629629629625,0.0
SOPWVGR12A8AE46957,0.45679629629629626,0.22222222222222218
SOEDEOK12AB0187B66,0.4397,-0.08333333333333333
SOJWWTP12A6D4F8952,0.3493148148148148,0.16666666666666666
SOHIHSR12AB0184E8F,0.4331740740740741,-0.08333333333333333
SOVBBBP12A58A7B044,0.3998703703703704,0.6705555555555556
SOPOGEB12A6D4FB25A,0.4253,-0.08333333333333333
SOPMAEU12A67AE0C81,0.5067407407407407,0.5166666666666666
SOSRFJO12A8C13DD88,0.45944444444444443,-0.08333333333333333
SOOJXEP12AB018AD86,0.6559185185185185,0.027777777777777752
SOWFOWK12A6D4F669C,0.6649888888888889,0.1944444444444445
SOLDTNU12A58A7A231,0.4296666666666667,0.05555555555555558
SORQSRN12AB018102E,0.43199259259259254,-0.08333333333333333
SOPWPTN12A58A7CBAF,0.7465851851851852,-0.02777777777777779
SOWPBNN12AB01848B1,0.3946851851851852,-0.055555555555555546
SOJSFWQ12AB0180A1A,0.8907407407407407,-0.02777777777777779
SOBPRCW12AB0186D3E,0.5784407407407407,0.5425925925925925
SOHGJKE12AB0181C65,0.46512592592592594,-0.02777777777777779
SONRABC12AB0181584,0.4534259259259259,0.11111111111111116
SODXWSC12A8C13828F,0.4386185185185185,0.5648148148148148
SOBAMAA12AB0187CB1,0.3409111111111111,0.13888888888888884
SOBBFPC12A8C142932,0.6182407407407408,-0.08333333333333333
SOJQTVV12A8C134387,0.3518407407407408,-0.055555555555555546
SOFNAUM12AB01863B4,0.48514814814814816,0.6055555555555555
SODXTQB12AB018A5C0,0.5194333333333334,0.11111111111111116
SOXIIPZ12A8C13EDC0,0.5594481481481482,-0.16666666666666666
SOWGJTP12AB018637B,0.4111259259259259,-0.055555555555555546
SODPYXE12A58A7AF97,0.5101703703703704,-0.25
SOGSOTK12A6D4FA596,0.40777777777777774,0.5286935286935287
SOLIGLL12AB018C551,0.3989555555555555,0.11111111111111116
SOLLXZJ12A6D4F96B0,0.6185592592592593,-0.19444444444444445
SOAFQZW12A58A77CA5,0.7915481481481481,0.13888888888888884
SOPBKDI12A8C137D8F,0.1385925925925926,0.0
SOVPJZV12A6D4F9D73,0.4738851851851852,0.22222222222222218
SOGMQBQ12AB017A9D1,0.44475185185185184,0.13888888888888884
SOBUPHJ12A58A7C7F8,0.5652074074074074,0.16666666666666666
SOHWCBC12A6D4F7596,0.4555,-0.08333333333333333
SOCJCPS12AB017D8AE,0.4183777777777778,0.11111111111111116
SOHCSLO12A8C14171E,0.40018148148148147,0.08333333333333333
SOKRMXG12A8C13AB54,0.4972518518518518,-0.02777777777777779
SODIOXW12A6D4FD0D3,0.5396925925925926,0.0
SOQLAUY12A6D4F900A,0.33366296296296294,0.5612103174603175
SODAWYC12A8C13B094,0.4377148148148148,-0.22222222222222224
SOQPGCD12A8C13CF85,0.4120481481481481,0.47222222222222215
SOPWCJF12AB0183997,0.24984444444444445,0.22222222222222218
SOXCIAD12AB0181701,0.7643555555555555,0.08333333333333333
SOQBPJS12AC3DF56FC,0.4351555555555556,-0.02777777777777779
SOIWLJY12A8C13CBF3,0.5188518518518519,0.11111111111111116
SOZWVZN12A6D4FB762,0.4458,0.11111111111111116
SOADCFY12A6310E353,0.6367555555555556,0.16666666666666666
SOZHGBF12A8AE49137,0.45491111111111115,0.16666666666666666
SOTSEIR12A8C141BA6,0.41426666666666667,0.0
SOZZBDC12A8C146917,0.1773740740740741,-0.02777777777777779
SOBCBQB12A8AE47374,0.4859185185185184,0.11111111111111116
SOIKTUX12A6D4F3E39,0.38878518518518523,0.22222222222222218
SOHBIKM12AB01840AF,0.45110000000000006,-0.25
SOFXTES12AB01831D1,0.3353925925925926,-0.02777777777777779
SOZWMDF12AB018317A,0.45018148148148146,-0.08333333333333333
SOSKTOI12AB01843A5,0.3977962962962963,0.05555555555555558
SOODZRY12A6D4F81A0,0.4866666666666667,0.05555555555555558
SOEYCMO12A8C13CDBB,0.2253925925925926,0.13888888888888884
SOZCCPL12AB017C957,0.3963740740740741,-0.08333333333333333
SOFHIRE12A6D4FB518,0.34482962962962965,0.05555555555555558
SOOKORU12AB01808EA,0.4565222222222223,-0.13888888888888892
SOESALW12A6D4F7BBD,0.6776925925925926,-0.19444444444444445
SOBYAAS12A8C1442B1,0.5602037037037036,-0.11111111111111109
SOJIGTT12A6D4FC3BA,0.5518888888888889,0.08333333333333333
SORSXYJ12AB01882C9,0.5742148148148147,0.22222222222222218
SOSXQPZ12AB01800CB,0.500411111111111,0.4166666666666667
SOPMIWW12A58A7EE90,0.533474074074074,0.16666666666666666
SOAVRJE12A58A798CE,0.5374037037037037,0.4166666666666667
SOMJFYS12A8C13E24C,0.5513962962962964,0.24508692365835225
SOORXAG12AB01886FD,0.7161518518518518,0.16666666666666666
SOCAMQU12AB0182111,0.3407777777777778,0.08333333333333333
SOKELXZ12A8C13B501,0.8271222222222221,0.13888888888888884
SOKEKSF12AAF3B3977,0.5125444444444445,-0.08333333333333333
SOLMKME12B0B8081D3,0.4371222222222222,0.30671296296296297
SODIPHG12A58A7BEA6,0.5424962962962963,0.13888888888888884
SOBNDJL12AB01806C3,0.3748666666666667,0.7158333333333333
SOIUVCM12AB0186D78,0.444562962962963,0.16666666666666666
SONTBKA12A8C144020,0.3431444444444445,-0.055555555555555546
SOFUXYZ12AB018C902,0.6205666666666667,0.1944444444444445
SOCIKSS12AB01841A8,0.41184814814814813,0.4933201058201058
SOKYTFZ12AB0189A73,0.25920740740740744,-0.02777777777777779
SOJGPHT12A6D4FA2BF,0.45174444444444445,0.41651234567901235
SOEWQUV12A8AE46AA4,0.2217148148148148,-0.11111111111111109
SOZONTS12A6D4F746E,0.1691962962962963,0.055555555555555504
SOZSPRJ12A8C13EC7C,0.36364814814814816,0.0
SOZEPNS12A8AE4766D,0.40446296296296297,0.6236111111111112
SOUGRYN12A8AE4606C,0.5286259259259258,0.16666666666666666
SOPHYGD12CF5F890A6,0.4036962962962963,0.5607638888888888
SOQFLWF12AB017EF20,0.2842148148148148,0.055555555555555504
SOBLUAT12A8C140982,0.3326037037037037,0.027777777777777752
SOHDZDZ12A6D4F7238,0.4000481481481481,0.6269444444444444
SOLFRPO12AB018C705,0.5996999999999999,0.027777777777777752
SODWUKB12AB0180C2A,0.5062962962962962,0.027777777777777752
SOYIGVH12A8C144B02,0.44520740740740744,0.11111111111111116
SONCVTJ12AB01797ED,0.5107518518518518,0.1944444444444445
SOQHOZN12AC468B4BC,0.5847222222222223,0.4611111111111111
SOFKWOZ12AB018B51C,0.34436666666666665,-0.02777777777777779
SOCUNKO12A8C132AF5,0.5801666666666667,0.11111111111111116
SOJRZPS12AB01853C9,0.31763703703703705,0.055555555555555504
SODCIIZ12A8C13C0C5,0.8154851851851851,0.36180555555555555
SOXWHQK12A67020E88,0.3302111111111112,0.22222222222222218
SOMTQJY12CF58265F5,0.4627481481481482,0.027777777777777752
SOYJVQR12AB01835DE,0.3350851851851852,-0.02777777777777779
SOKIWRW12AB017FAD7,0.316562962962963,-0.055555555555555546
SOXBPJO12A8C1401AC,0.4630666666666666,-0.08333333333333333
SOCBGSL12A8C13747D,0.27636666666666665,0.08333333333333333
SOZOEUF12AB017E66A,0.5109296296296296,0.08333333333333333
SOMAYCY12A6D4F936C,0.3236740740740741,-0.19444444444444445
SONSBJS12A67ADE7EC,0.7036925925925926,0.16666666666666666
SOUVHAM12A6D4FA42A,0.6605148148148149,-0.02777777777777779
SOTBYJX12AB0188922,0.8808555555555555,0.4769841269841269
SOAMLRD12AAF3B35AC,0.614437037037037,-0.13888888888888892
SOZXBAJ12AB017F858,0.35345925925925925,-0.08333333333333333
SOCVNKY12A6D4FBC5E,0.5408740740740741,0.11111111111111116
SONEIYL12AB0180FE4,0.3980222222222223,0.11111111111111116
SOXQVRI12A6D4F8E28,0.3223444444444444,0.4835648148148148
SOSEVUC12A8C145671,0.5128555555555556,0.48597222222222225
SOHTAHZ12A8C130B46,0.6746407407407408,-0.25
SOWLHNY12AB0180F0C,0.5579814814814815,0.13888888888888884
SONRSKV12AB018B6A1,0.44952222222222227,-0.08333333333333333
SOVOHEI12AB017C590,0.5221111111111111,0.13888888888888884
SOALPEZ12A8C132E29,0.3030703703703703,0.16666666666666666
SOGYRUP12AB017FB4C,0.4489555555555555,-0.02777777777777779
SOFKEIK12A6310D86A,0.3870481481481481,0.5165614478114477
SODAABR12A58A7A953,0.5403962962962964,0.16666666666666666
SOFGDDZ12AB0186E67,0.3752148148148148,0.055555555555555504
SONMFZP12A8C14297C,0.3889592592592592,-0.08333333333333333
SOJPXOL12A58A793B9,0.2995962962962963,-0.02777777777777779
SOECDUV12AAF3B38B4,0.3715814814814815,0.6527777777777778
SONFAMH12A6D4FA1FE,0.5918444444444445,0.11111111111111116
SOUKJOM12AF72A5F91,0.6568962962962963,0.0
SOUUNYT12AB0184F40,0.4518592592592593,-0.08333333333333333
SOWLGVU12AC3DFA925,0.6018037037037037,0.3055555555555555
SOESPAS12AB017DBAE,0.3834814814814815,-0.02777777777777779
SOEJJAZ12A8C132CAF,0.49932962962962957,0.027777777777777752
SOJVAKH12AB0184F65,0.46856666666666663,0.16666666666666666
SOGVOOU12A8AE4643A,0.4814555555555555,0.4367063492063492
SOITJXD12A8C133C31,0.5460592592592592,0.16666666666666666
SOBXZGV12A6702074F,0.250962962962963,-0.02777777777777779
SOFJJXH12A6D4F8104,0.5191555555555556,-0.08333333333333333
SOQRBPU12AB018560B,0.5807518518518519,0.05555555555555558
SOAPNML12A8C13B696,0.4740962962962963,-0.08333333333333333
SOCHBZX12A8C141F2B,0.6831703703703703,0.0
SOTUDGH12A8C13FED6,0.48114444444444443,-0.02777777777777779
SOOYKEK12A8C13B1DD,0.7260740740740741,0.6666666666666666
SOMXGSM12A8C130A2C,0.40737407407407406,-0.13888888888888892
SOHXEZL12AB0185E35,0.5241037037037036,0.0
SOQBWFW12A8C139512,0.665937037037037,-0.08333333333333333
SOVXFJX12A81C2387B,0.3740962962962963,0.055555555555555504
SOKJUOW12AB0181545,0.3092481481481482,0.055555555555555504
SOYCRXU12AB0180B86,0.29534814814814814,-0.02777777777777779
SOSTWHL12A6D4FD2A9,0.47253703703703703,-0.08333333333333333
SOHNSVU12AB01891F8,0.3712740740740741,-0.055555555555555546
SOSIZPX12A8AE46AD3,0.4046555555555556,0.027777777777777752
SOBAENB12AB017BFD8,0.5266592592592592,-0.08333333333333333
SOEJCIN12A8C132263,0.6000333333333333,0.545679012345679
SOKWHFT12A8C13780E,0.4890851851851852,0.16666666666666666
SOWYBEG12A6D4F9142,0.49395925925925926,0.0
SOSPTBA12A81C23A03,0.4620518518518518,0.13888888888888884
SOKETYB12AB018308E,0.2848407407407407,0.027777777777777752
SOEGJRT12A6D4FCD65,0.5558592592592593,0.16666666666666666
SOEOSKZ12AC392B55B,0.3640703703703703,0.1944444444444445
SOVJJGU12AB0186C4F,0.6825296296296296,-0.055555555555555546
SOJATJX12A6D4F6E77,0.47106666666666663,-0.02777777777777779
SOETRAW12AB0180F0E,0.5556074074074074,-0.02777777777777779
SOZCHRE12A8C1404A4,0.7464148148148149,0.16666666666666666
SOQOEGK12AB01883BB,0.4169111111111111,0.13888888888888884
SOEDZFJ12A8C1370AE,0.4981333333333334,-0.08333333333333333
SODJTQG12A8C135B04,0.4666666666666667,0.16666666666666666
SOZMRSH12A8C141244,0.6750407407407407,0.0
SOECOIA12A8C132F39,0.33413333333333334,-0.13888888888888892
SOELWIL12A8C14373B,0.42513333333333336,-0.055555555555555546
SOXPTZV12A58A7DF86,0.47092962962962964,-0.16666666666666666
SOJIQVT12AB0189EB1,0.4497148148148148,0.16666666666666666
SOVZDMI12AB0188DA6,0.5094407407407407,0.08333333333333333
SOIYNOF12AB0182141,0.3436407407407407,-0.11111111111111109
SOCLZZX12AB01849D3,0.3065296296296296,0.05555555555555558
SOJHGDB12A8C137470,0.5837555555555556,0.055555555555555504
SOGWCZV12AC468C081,0.45139999999999997,0.11111111111111116
SOJTYYE12A6D4F956E,0.340737037037037,0.22222222222222218
SOHERZY12A8C13C62F,0.7059444444444444,-0.02777777777777779
SOAHUNU12A6D4FEDCB,0.34780740740740734,-0.02777777777777779
SODQFQC12A8C13FD7A,0.33841111111111116,0.648888888888889
SOOGAGO12AB0187473,0.6553518518518519,-0.02777777777777779
SOPRMCE12A6D4FBBE5,0.3432814814814815,-0.13888888888888892
SOEIOPX12A8C1430AD,0.5336148148148148,-0.13888888888888892
SOMGYNM12A6D4F9B9B,0.48151111111111106,0.02777777777777783
SONFECQ12AB017EFF7,0.4569666666666667,0.16666666666666666
SOKHMUX12A8C13A78A,0.5607074074074073,0.0
SOODVWJ12A8C1379B4,0.3744851851851852,-0.25
SOZLPVU12A6D4FD279,0.7505555555555555,0.6388888888888888
SOOPDSG12AB018B57E,0.44427777777777777,0.13888888888888884
SOZTUNW12AB01887F8,0.529525925925926,0.0
SOIVNTJ12AC468C685,0.6873444444444444,0.16666666666666666
SONJEYU12AC468C050,0.6641148148148147,0.027777777777777752
SOFEQWY12A6D4F94CC,0.5534629629629629,0.13888888888888884
SOJAMMF12A58A7656D,0.35904074074074077,0.0
SOYBGAM12AB017A82A,0.3871111111111111,-0.08333333333333333
SOULIKU12A58A78CE2,0.5185185185185185,-0.25
SOICOXW12A8C144D5C,0.3176814814814815,0.11111111111111116
SOYBVOI12AB017AD6B,0.4150111111111111,-0.19444444444444445
SOQWSGM12A6D4FC3C6,0.4815962962962963,0.5833333333333334
SOPVNEU12A58A77E90,0.25736666666666663,-0.08333333333333333
SOTARLM12AB0189263,0.36015925925925923,0.08333333333333333
SOJMCCN12AB0185039,0.3358555555555555,-0.13888888888888892
SOEOMWI12A67ADB831,0.31004444444444446,-0.08333333333333333
SOOWVZQ12AF72A0070,0.4767148148148148,0.05555555555555558
SOQCKBB12AB01864F9,0.4736037037037037,0.13888888888888884
SORCMAR12AB018701E,0.6448444444444444,0.13888888888888884
SORADNR12AB01862D1,0.34064074074074074,-0.02777777777777779
SODJAZO12A81C2074D,0.245462962962963,0.027777777777777752
SOBPHQK12AF72A6AFF,0.34561851851851855,-0.08333333333333333
SOICDVR12AC3DFB6F6,0.4888185185185185,0.13888888888888884
SOWNOIQ12A58A799E1,0.5929703703703704,-0.11111111111111109
SOLRMRV12AB017B887,0.37569629629629625,0.027777777777777752
SOAMLPM12A8C13501C,0.3134185185185185,-0.25
SOLZYAI12AC46893E4,0.6668666666666667,0.0
SOVRIPF12A8C142FD3,0.0,0.13888888888888884
SOPUPYW12A8C13DEC9,0.44432962962962963,0.4166666666666667
SOABRXK12A8C130A36,0.43684814814814815,0.027777777777777752
SOCPPNW12A8C131AF4,0.42574074074074075,0.0
SODISVN12A8C139DBF,0.3393777777777778,-0.22222222222222224
SOOTWRY12AB018277E,0.5543777777777779,-0.08333333333333333
SOGCFKE12AB01843C0,0.5950185185185185,0.055555555555555504
SOCHZDP12AC468D99F,0.32997407407407403,0.02777777777777783
SOXVMZV12A8C142488,0.3095296296296296,0.13888888888888884
SOAJZJM12A6D4FA033,0.4435666666666666,0.16666666666666666
SOSBXWX12A6701D235,0.45495555555555556,0.4313194444444444
SOOJXKD12A58A7AB3C,0.3423444444444444,0.11111111111111116
SOJHKKJ12AB0182FBA,0.6013185185185185,0.13888888888888884
SOZPMGI12AB018979F,0.39497777777777776,-0.02777777777777779
SOPLYEI12AB0181C03,0.802062962962963,0.45388888888888884
SOSURIF12AB0180A1B,0.25971481481481484,0.7166666666666667
SOCHDXC12A8C13837F,0.4333481481481481,-0.055555555555555546
SOZYCQM12A8C13F9AB,0.3650481481481481,0.22222222222222218
SOIAEVG12A8C141B2F,0.37340740740740735,-0.08333333333333333
SOKASWV12AB01857B5,0.4650444444444445,-0.25
SOVWTKI12A58A789B6,0.3406074074074074,0.11111111111111116
SOPHKAI12AB018873D,0.3736333333333333,0.05555555555555558
SOLHMRA12A8C13234A,0.5557037037037037,0.683008658008658
SOQEKJO12AB0188E78,0.48722962962962973,0.6111111111111112
SOQUGNH12A6D4FBB0E,0.2538407407407407,0.11111111111111116
SOOWVUN12AB0185435,0.31466666666666665,-0.08333333333333333
SOHWHZJ12A58A79FA8,0.3241,0.055555555555555504
SOPHMRL12AB017E87B,0.7113703703703703,0.22222222222222218
SOEEPYY12A58A7B1C8,0.33705555555555555,0.11111111111111116
SOQENPJ12AB0180997,0.4074074074074074,0.6576388888888888
SOLPFAE12A8C13AF2D,0.3180185185185185,0.13888888888888884
SOMNSHX12A58A79CD2,0.4275333333333333,0.0
SOQAFSW12A67021430,0.5349037037037038,-0.02777777777777779
SOHLHAI12A8C139204,0.5484111111111111,0.027777777777777752
SOWWOFM12A6D4F82F0,0.3234296296296297,-0.02777777777777779
SODIDOO12A58A794E4,0.45365925925925926,0.7011904761904763
SORURBV12A8C140200,0.3491,0.0
SOYMDLM12A6D4FB10B,0.22827407407407405,-0.02777777777777779
SOVQYSC12AB017D1C5,0.6220037037037036,-0.055555555555555546
SOBPQVV12A8C13BE51,0.7418111111111112,-0.055555555555555546
SOMNXCC12AB0187BE7,0.45165925925925926,-0.25
SOOCZWD12AB0185147,0.7195666666666666,0.11111111111111116
SOSFUQC12AB017E17E,0.33633703703703705,-0.08333333333333333
SOILDRV12A8C13EB77,0.6004925925925926,0.4083333333333334
SOJZLAJ12AB017E8A2,0.43749259259259254,0.13888888888888884
SOLXXPY12A67ADABA0,0.5192037037037037,0.47222222222222215
SOQSJJL12AC46874BC,0.4613407407407408,0.1944444444444445
SOJARSR12AB0184939,0.3335185185185185,-0.02777777777777779
SORZSCJ12A8C132446,0.5098629629629629,0.11111111111111116
SOVMTAW12A8C13B071,0.35435925925925926,0.11111111111111116
SOBUUYV12A58A7DA27,0.5258333333333333,0.027777777777777752
SOAYONI12A6D4F85C8,0.28545185185185185,0.0
SOFOBSK12A8C1447C4,0.36435925925925927,0.08333333333333333
SOUWMIW12AB0184748,0.44174444444444444,0.16666666666666666
SOFAOMI12A6D4FA2D8,0.5576851851851852,0.0
SOOAMWT12A8C13B479,0.6868592592592593,0.11111111111111116
SONAEGX12A8C141C53,0.4739074074074074,0.29300390266299353
SOASHZJ12A8C1426D8,0.5324592592592593,0.027777777777777752
SOLQETH12AB0181E42,0.3318777777777778,0.6020833333333333
SOIRKJL12A8C13A2AA,0.384562962962963,-0.11111111111111109
SOJYYHN12AB0182966,0.4199888888888889,-0.13888888888888892
SOHCFNL12A8C140C2E,0.37036296296296295,0.11111111111111116
SOLYUTF12A8C133225,0.6217962962962963,0.13888888888888884
SOYYFNE12AB018A96D,0.46538148148148145,0.4769841269841269
SOIMKZT12AB018B1DD,0.35917777777777776,0.11111111111111116
SOZAWLR12A58A79324,0.5592074074074074,0.22222222222222218
SOERLWC12AB0187445,0.46561851851851854,-0.02777777777777779
SOUVPPF12AB01855B1,0.6712555555555556,-0.08333333333333333
SOZYZDZ12AB01873CA,0.40678148148148147,0.11111111111111116
SOZPRLC12AB01866A7,0.42342592592592593,0.11111111111111116
SOSYTWT12AB0182AE4,0.5295962962962963,-0.08333333333333333
SOVSIZD12AB0184484,0.32637037037037037,-0.02777777777777779
SODCBAD12A8C130BA2,0.42777037037037036,0.5975605413105413
SOAFZZF12AB0186C77,0.45662962962962966,0.7125
SOQLKYX12A8C13A7AB,0.31008888888888886,0.16666666666666666
SOQMFYZ12A6D4F9C4A,0.301962962962963,0.47222222222222215
SOOKCOH12A8C13AA44,0.37577037037037037,0.13888888888888884
SOQARNP12A8C135A28,0.35950740740740744,0.08333333333333333
SOTEFFR12A8C144765,0.49901481481481486,-0.08333333333333333
SOIVWOX12CF5827585,0.38650740740740747,-0.02777777777777779
SOBQCYC12AB018748A,0.31105555555555553,0.05555555555555558
SOHIPSG12AC46890BE,0.32486666666666664,-0.02777777777777779
SONWNNQ12A58A77AD6,0.3290481481481481,-0.25
SONBMJI12A6D4F82B7,0.4507074074074074,0.3055555555555555
SOIDEZW12A6D4F9655,0.3476259259259259,0.055555555555555504
SOSJSMZ12AB0187EB3,0.45493333333333336,0.027777777777777752
SOEBFHP12AC468DA37,0.49655555555555553,-0.16666666666666666
SOMROYR12AB01893AD,0.3037222222222222,-0.11111111111111109
SOMLVRX12AB0189DCE,0.409237037037037,-0.02777777777777779
SOKUIMB12A6D4F8AC6,0.5201814814814815,0.5361111111111111
SOOIAGM12AB01862C7,0.3547666666666667,0.027777777777777752
SOVZNGE12AAF3B1E2A,0.3913074074074074,0.5502976190476191
SONZEZC12A8C14580B,0.32593333333333335,0.027777777777777752
SOYYBIA12A8C13894D,0.6042074074074074,0.22222222222222218
SOGOSEE12A58A78241,0.30914444444444444,0.13888888888888884
SOQZCBF12AB018644D,0.3315481481481481,-0.08333333333333333
SOXNPLV12A8C1431C3,0.6980777777777778,0.5572390572390572
SONQTUE12B0B80BA5A,0.5860888888888889,0.11111111111111116
SOODKXT12AB01838B6,0.4447296296296297,0.7066666666666667
SOPGYHQ12A8AE47B30,0.5999666666666668,0.8055555555555555
SOVUFWU12A3F1ECA3C,0.31072962962962963,0.6123015873015872
SOFCCRW12A6D4FA064,0.45246666666666663,0.5861111111111111
SOPZJXE12A8C133E5D,0.3450444444444445,0.16666666666666666
SODNKBI12A8AE48AD0,0.49280740740740736,-0.02777777777777779
SOWHXVQ12A8A9D59CA,0.3147333333333333,0.16666666666666666
SOACMGG12AB0189F0D,0.27801481481481477,0.47215608465608466
SOEAXUV12A6D4F8FA2,0.471737037037037,-0.13888888888888892
SOTZWYD12A8C1392B7,0.4701518518518519,-0.16666666666666666
SOOINOI12A6D4FC8D0,0.4849,0.027777777777777752
SONAZLA12A6D4F80EF,0.4480962962962963,-0.02777777777777779
SOPRXBS12A8C1323E8,0.3144703703703704,0.11111111111111116
SOKDHSI12AB0181587,0.31580740740740737,0.16666666666666666
SOKHAME12AB017D3D4,0.2777222222222222,0.13888888888888884
SOLICYE12AB017ED96,0.33914074074074074,0.11111111111111116
SOCAYHA12A8C13683A,0.3425888888888889,0.4166666666666667
SODRBBP12A8C1385AF,0.40726296296296294,0.6344444444444445
SOYQKLT12AB01841BC,0.488837037037037,0.6592592592592593
SOBPZPS12A6D4F6EFA,0.5099518518518519,0.5555555555555556
SOJRCFG12A8AE44FBA,0.5033703703703704,-0.22222222222222224
SOXXVKU12A8C1426B6,0.4554666666666667,-0.055555555555555546
SOPMXHY12A6D4F7DBC,0.29292962962962965,0.027777777777777752
SOCLHLD12A6701E65B,0.5494111111111112,-0.02777777777777779
SOVGYIW12AB018186F,0.3945,0.05555555555555558
SONJNMA12A6701DFDE,0.5466740740740741,0.4178774928774929
SOIPZVD12AB0186501,0.4741222222222222,0.13888888888888884
SOOTJIQ12A8C1368B9,0.4703407407407408,0.13888888888888884
SOVTIJE12AB017F8D9,0.37522592592592596,0.4437003968253969
SOOYMFA12AB017E3C1,0.318537037037037,-0.13888888888888892
SOEYALK12A8C143123,0.43245925925925927,-0.08333333333333333
SOSINEG12A58A7D528,0.22336296296296296,0.4177777777777778
SOWLJJD12AF729D3F5,0.39222962962962965,-0.055555555555555546
SOQMALF12AAF3B4144,0.488837037037037,-0.08333333333333333
SOKPTHW12AB018AB51,0.4875518518518519,0.5255102040816326
SOERGHR12AAF3B2A52,0.37496666666666667,0.0
SOPZACG12A6D4F9271,0.17766666666666667,-0.11111111111111109
SOLXIWW12AC468805A,0.507337037037037,0.6388888888888888
SOPUCKL12A6D4FB5A6,0.5181666666666667,0.16666666666666666
SOTNLYM12AB0181695,0.49700740740740745,0.13888888888888884
SODDBHT12AB0186B6E,0.4816259259259259,-0.055555555555555546
SOHKLFL12A6D4FA150,0.41193703703703705,-0.055555555555555546
SOJTAWE12A6D4F8EAC,0.24501851851851852,-0.055555555555555546
SOUEDBC12AC90972E5,0.47405555555555556,0.05555555555555558
SOGQIEK12AB0186792,0.48414814814814816,0.36111111111111116
SOUKRZV12AB0182E90,0.44794074074074075,0.027777777777777752
SOKKZIB12A8C13F5DB,0.5926555555555555,0.3611111111111111
SOCVTCQ12AB01848FC,0.6087370370370371,0.11111111111111116
SOCDXPZ12AB01844FD,0.26035555555555556,-0.055555555555555546
SOZDQHO12AB018512F,0.46294814814814816,-0.08333333333333333
SONNYOP12A8AE45715,0.3752074074074074,-0.02777777777777779
SOUZOPT12A58A79B94,0.48208888888888884,0.13888888888888884
SOVNLPD12AB018F3F9,0.4358296296296296,-0.02777777777777779
SOIDSSZ12A8C142A76,0.4401259259259259,0.3611111111111111
SONFOEG12A8C13B8B8,0.3773,0.027777777777777752
SOQPFGN12A8C13C1B3,0.45022222222222225,0.0
SOTZIPQ12AB01803AA,0.47017037037037035,0.11111111111111116
SOCWFVT12AB01890F8,0.32831111111111105,0.11111111111111116
SOFWWIA12AB01884A1,0.2852074074074074,-0.02777777777777779
SOPWWAV12A8C13A825,0.5599407407407407,-0.22222222222222224
SOFDYGC12A6D4F9059,0.4166148148148148,-0.22222222222222224
SOICLQB12A8C13637C,0.4822259259259259,-0.08333333333333333
SOISJLZ12AC3DF6DE7,0.5049111111111111,0.6111111111111112
SOMDWZC12A8C13A065,0.1585074074074074,0.13888888888888884
SOYTIWN12A6D4FBA37,0.3239518518518519,0.05555555555555558
SOURXDF12AB0180C6C,0.4902148148148148,-0.13888888888888892
SOFZGIT12A58A7CD2D,0.44438148148148143,0.08333333333333333
SONWLUL12A8C13AEEE,0.4585074074074075,-0.02777777777777779
SOXVIYL12A8C144517,0.5828740740740741,0.11111111111111116
SOAUQNX12AB017B7CF,0.6940777777777777,0.05555555555555558
SODIJTB12A8C138FB2,0.44538148148148143,0.055555555555555504
SOTGKDD12AC9072C18,0.46308148148148154,-0.22222222222222224
SOWCTVQ12A8C134C64,0.34110740740740736,-0.19444444444444445
SOKEHTJ12A8C13DFB0,0.3946259259259259,0.11111111111111116
SOAWNUW12AC46877F8,0.860874074074074,-0.19444444444444445
SORGIYZ12AAF3B3528,0.32206666666666667,0.5908068783068784
SOWNKOB12A6310E331,0.563274074074074,-0.16666666666666666
SOCPUJD12AC468AD40,0.389262962962963,0.16666666666666666
SOUKHSU12AB0185CB0,0.5064777777777778,0.05555555555555558
SOPRTNI12AC4688294,0.4011148148148148,0.16666666666666666
SOLFCRY12A8C13F38F,0.612874074074074,-0.02777777777777779
SOWFMJA12AB01837B6,0.3723407407407408,0.11111111111111116
SOCQGCO12A8C13D2E4,0.3253481481481481,-0.13888888888888892
SOVPVKY12A6D4F6F86,0.3455592592592593,-0.02777777777777779
SOTJMAA12AB01862F2,0.4515666666666666,0.1944444444444445
SOTPQTD12A58A7E19B,0.49973703703703704,-0.08333333333333333
SOISBPM12A8C132C8E,0.8115962962962961,-0.08333333333333333
SOMYFOE12AB0183244,0.5215666666666666,0.11111111111111116
SOTBZNC12A8C13FC85,0.6215962962962962,0.055555555555555504
SOTGNAJ12A58A7F3FE,0.21001111111111112,0.0
SOTZUHM12A58A7E054,0.5129777777777778,0.1944444444444445
SOCKRKE12AB018DD02,0.5082592592592592,0.6527777777777778
SOXVFFI12AF72A1065,0.27945185185185184,0.3333333333333333
SOFFOFH12A8AE45129,0.5559703703703703,0.5611111111111111
SOTGNGT12A8C142826,0.39463703703703706,0.6194444444444445
SOFFUHF12AC4689476,0.34435185185185185,0.6455555555555555
SOGMSIS12A58A7C45D,0.4918,-0.19444444444444445
SOYWNEA12AB018826D,0.4319185185185185,0.0
SOLKCWP12AB01890A4,0.7210777777777777,0.11111111111111116
SOSTESB12A6D4F9A66,0.8795037037037037,0.0
SOZVMQJ12AB018D482,0.5120592592592592,-0.19444444444444445
SOSAQJU12AC90755D2,0.4223962962962963,0.47222222222222215
SOGWPDK12A81C2242F,0.4592518518518518,0.5155349794238683
SOGPIOY12A58A7F7AD,0.29804444444444445,0.6071428571428571
SOQXARY12A8C13F68C,0.3244814814814815,0.16666666666666666
SOFQVFL12A6701F8DC,0.35538148148148146,-0.02777777777777779
SONEGFT12A8C142567,0.6516814814814815,0.5574074074074074
SOVASWH12A8C13E3CE,0.5818037037037038,0.6429894179894181
SOGRTXS12AB017CCFC,0.5893851851851851,0.6265873015873017
SOPAHBW12A6D4F7638,0.3357222222222222,0.22222222222222218
SONAWWG12A8C133380,0.5935814814814815,0.11111111111111116
SOPQJZR12AB01882BD,0.4814296296296296,0.6111111111111112
SOGOVUN12A8AE46B43,0.4305148148148148,0.4295138888888889
SOCFKSK12A8C140704,0.3362481481481482,0.027777777777777752
SOZXKFE12A6D4F71FC,0.32943333333333336,0.6111111111111112
SOORJCV12A8C144A4E,0.5546851851851852,0.11111111111111116
SOQLWVI12A6D4F465F,0.3931296296296296,-0.08333333333333333
SOVPTBI12AB01879CF,0.14957037037037038,0.5757142857142857
SODSFSH12A8C13EDFE,0.39260000000000006,0.11111111111111116
SOKPWEP12A8C137A4B,0.36085555555555554,-0.08333333333333333
SOOZDSM12A8C13D39D,0.5534185185185185,0.13888888888888884
SOCFNPC12AB017CE1B,0.3510037037037037,0.1944444444444445
SOOAEZC12AAF3B28BD,0.5257814814814815,0.4763888888888889
SOCMYLF12A67020A4D,0.7566814814814815,-0.19444444444444445
SOEOYBN12A6D4F9E2C,0.34456666666666663,0.05555555555555558
SOYSZGR12A8C14015C,0.5152407407407408,0.25
SOAPDWC12AC468BB3B,0.3239555555555555,-0.08333333333333333
SOICMNM12A6D4F89C3,0.7182185185185186,0.599433436933437
SOULPEW12A8C13E4F7,0.47407037037037036,-0.11111111111111109
SOVXKMW12A8C1414C1,0.3963777777777778,-0.055555555555555546
SOCIACN12AB0189ADC,0.36145925925925926,0.16666666666666666
SOIBHJO12A6D4F7774,0.38119259259259264,0.16666666666666666
SOVQEYV12AF72A06B2,0.7010666666666666,0.7345679012345679
SOQZZKI12A67020D38,0.42417777777777776,0.7569444444444443
SOAQTZJ12A8C14343C,0.8680037037037037,0.0
SOAVPSK12A58A7ED21,0.7266518518518519,0.13888888888888884
SOMVRYP12AB0185AFF,0.22277777777777777,-0.08333333333333333
SOBBWJS12AB0182522,0.666662962962963,0.3055555555555555
SOICYHD12AB018A5B8,0.44239259259259256,0.11111111111111116
SOGWIQR12A8C144C22,0.3280740740740741,0.5111111111111111
SOTEDAD12A8AE4735F,0.3258592592592593,-0.13888888888888892
SOKDPUY12AB0184594,0.5612148148148148,0.0
SOQTOZK12A6D4F95AD,0.47608888888888884,0.6666666666666666
SOUWZWV12AB0181ACF,0.38969259259259265,0.05555555555555558
SOLYAED12AB01885EC,0.3853148148148148,0.08333333333333333
SOCCBOH12A8C13E947,0.38153703703703706,-0.08333333333333333
SOWGFDH12AB017B2F5,0.5085037037037037,0.6812229437229437
SOFAJOM12A8C141EE4,0.30733333333333335,0.0
SOWYWXM12AB018C9E9,0.6355444444444445,0.11111111111111116
SOYJHEW12A8C133A40,0.36639629629629633,0.08333333333333333
SOOFHUH12A8C1340A5,0.7675481481481482,0.4361111111111111
SOBPMLZ12AB01819E3,0.42016666666666663,0.6666666666666666
SOTSKKZ12A6D4F71C4,0.4181888888888889,0.6944444444444445
SOWVTAJ12A8C13C6D5,0.3528296296296296,0.6416666666666667
SOPYMLY12AC3DF67AE,0.5642222222222222,-0.055555555555555546
SOBPTED12A6D4F99C7,0.7664481481481481,-0.08333333333333333
SOLDLRC12AC907269F,0.7259074074074074,0.47222222222222215
SOFGAJF12A8C141DA3,0.46703703703703703,-0.02777777777777779
SOSIANM12AB018CC80,0.4374037037037037,0.25
SOPZHFK12A8C135493,0.8956222222222222,0.11111111111111116
SOSAEZB12AB018DADE,0.3782111111111111,0.11111111111111116
SOAMZKG12A8C13797C,0.4134925925925925,0.0
SOPIFJT12A81C221AC,0.5506814814814814,0.5697089947089946
SOKJMKB12AB0189C12,0.4628481481481481,0.027777777777777752
SOEKBBG12AB017E5D7,0.482337037037037,-0.055555555555555546
SOLEPCJ12A6D4F7404,0.6897407407407407,-0.13888888888888892
SOOSHTY12AAF3B3082,0.41742962962962965,0.16666666666666666
SOSLVUL12AB017F892,0.42442592592592593,0.11111111111111116
SONUOCM12A8C141FF0,0.4536407407407407,0.5194444444444445
SOKJUPL12A6D4F8383,0.48297037037037044,-0.22222222222222224
SOFUUNS12AB018A286,0.4619037037037037,-0.08333333333333333
SOXGMCO12A8C139D60,0.4885814814814815,-0.19444444444444445
SOGWIQS12A8C1339B1,0.3188518518518519,-0.25
SOWPAXV12A67ADA046,0.4725814814814815,0.22222222222222218
SOSAOWI12A6D4F7119,0.4895074074074074,0.5577777777777778
SOSGKSM12A6D4F5626,0.37516666666666665,0.13888888888888884
SORGUQZ12AB0184B31,0.4447111111111111,0.16666666666666666
SOYFDOO12A8C133DA2,0.549237037037037,-0.02777777777777779
SOCSLKG12A6D4F5954,0.540737037037037,-0.11111111111111109
SOJPQLG12A8C140660,0.5371148148148148,-0.02777777777777779
SOLJMGD12A58A76C3A,0.36754444444444445,-0.02777777777777779
SOCHJTF12AC4686775,0.2707777777777778,-0.02777777777777779
SOJEECD12AB018BDA5,0.2773851851851852,0.7083333333333334
SOJKSPB12A67AD93AE,0.413637037037037,-0.11111111111111109
SOAQMCT12A8C1350DE,0.4063740740740741,0.16666666666666666
SOGRSPK12A8A9D88E0,0.42032222222222226,0.22222222222222218
SOBNTOJ12A8C133435,0.5406333333333333,-0.11111111111111109
SORLVXI12A8AE45E37,0.49330740740740736,0.37083333333333335
SOESSPX12AB01807A0,0.3299148148148149,0.08333333333333333
SOCIALB12AB01811A2,0.06021481481481481,0.13888888888888884
SOELVHE12A8C135E02,0.3344111111111111,0.0
SOSKXWY12A8C135248,0.6058037037037037,0.11111111111111116
SOSJRCR12A58A7BEC0,0.37135555555555555,-0.02777777777777779
SOFKMMF12AB018CE39,0.7399703703703704,0.11111111111111116
SOIQVDP12A8C13510A,0.29688888888888887,0.13888888888888884
SOURKHT12A58A7F3E6,0.5913814814814815,0.05555555555555558
SOHWRNV12A58A78E24,0.3861925925925926,-0.02777777777777779
SONOKWX12AB0185FDC,0.599025925925926,-0.02777777777777779
SOJWSCQ12A6D4FBAB9,0.3978185185185185,-0.02777777777777779
SOKEGNC12A6D4FB54C,0.48698888888888886,-0.16666666666666666
SOIVFAV12AB0183D33,0.6893333333333334,-0.16666666666666666
SOVXQXN12A8C135FDC,0.39088518518518517,-0.02777777777777779
SOYSKFE12A8C143AF3,0.41480370370370373,-0.055555555555555546
SOFGXQV12A8C13C842,0.3215,0.22222222222222218
SOKIZGL12AB018342D,0.4134407407407407,0.055555555555555504
SOGZMUF12A67ADAE79,0.5377222222222222,0.22222222222222218
SOXSURB12AB0184FBC,0.46294444444444444,0.4566666666666667
SORUYQB12A81357343,0.31783703703703703,0.1944444444444445
SOVNCCQ12A8C136CB3,0.570274074074074,-0.25
SOZDLOG12A58A7D3BD,0.3288740740740741,-0.055555555555555546
SOTBDNQ12A67ADBF2A,0.3720407407407408,0.11111111111111116
SOLFRCH12A67021C28,0.5231740740740741,0.08333333333333333
SOACXUA12AB017C9A4,0.7462740740740742,0.11111111111111116
SOTVMJI12AB018638F,0.381562962962963,-0.02777777777777779
SOHZYBG12A5829168F,0.3703814814814814,-0.11111111111111109
SOAQRFQ12A8AE46466,0.576337037037037,-0.08333333333333333
SOKZCJC12AF72A8C79,0.42566296296296297,-0.22222222222222224
SONKOFE12AB0187002,0.2599370370370371,0.16666666666666666
SOQAUIF12AC46861CF,0.5248333333333334,0.6462301587301588
SOGOBIT12AB01899DE,0.46033703703703704,0.0
SOALDFI12A8C13A3A8,0.5248370370370371,0.6984567901234567
SOBLUYN12A8AE48167,0.3656777777777777,0.16666666666666666
SOFXGUN12A8C13B449,0.5099481481481482,-0.08333333333333333
SOAEBUV12A8C1335DB,0.44266666666666665,-0.08333333333333333
SOWPJKA12A58A7D131,0.4646296296296296,-0.02777777777777779
SOJODCY12A58A7CE98,0.6128481481481483,-0.02777777777777779
SOCJPAI12AB0185DB1,0.4076148148148148,0.48947665056360706
SOXNASC12AB01874DF,0.4815222222222222,0.055555555555555504
SOVVAVA12AF72A9926,0.23430740740740744,0.4444444444444445
SOGHKOU12AB018C776,0.4573740740740741,0.11111111111111116
SOIXICA12A58A7A9A5,0.5821370370370371,0.563888888888889
SOZDKSD12AB018A0AC,0.5192481481481481,0.49981481481481477
SOAEHZK12AB0182ADF,0.45069259259259264,0.16666666666666666
SOGRCIP12A8C1347C0,0.3595,-0.13888888888888892
SODVVZT12CF58273DB,0.355562962962963,0.4557870370370371
SOQFKZW12AB0181847,0.48149629629629626,-0.13888888888888892
SOJMRUS12A8C13693A,0.35386296296296293,-0.08333333333333333
SOOTLIP12A6D4F95BC,0.6292518518518518,0.055555555555555504
SOBMGUW12A8AE4726A,0.5538037037037038,0.08333333333333333
SOPKWZP12A6D4F7DAF,0.47208518518518516,0.22222222222222218
SOYTUNS12A8C134C16,0.3552925925925926,-0.25
SOJWBVN12AB01868AA,0.32105925925925927,0.11111111111111116
SOCHJTF12AB01829CE,0.357837037037037,0.7212456597222222
SOCKTEZ12A8C14553D,0.4814185185185185,-0.055555555555555546
SOLQVLD12A58A7610B,0.6461777777777777,-0.08333333333333333
SOQSVRE12A8C13A31C,0.3534259259259259,0.0
SORIWKL12AC4689A11,0.3627962962962963,0.08333333333333333
SOFXRWD12AB018B56B,0.39424444444444445,0.027777777777777752
SONPLJV12AB0182571,0.3776703703703704,0.11111111111111116
SONTKHG12A81C22D4C,0.21347777777777777,0.11111111111111116
SOFQOAR12AC4688316,0.6665777777777778,0.13888888888888884
SOSDKWG12AB0189E31,0.592737037037037,0.11111111111111116
SODGNNL12A8C13D3E3,0.26736296296296297,0.5138888888888888
SOVLJVC12AB01809F8,0.6870296296296295,-0.11111111111111109
SOIKNYT12A8C134A20,0.5438,0.0
SOXUVQH12AAF3B388C,0.4235037037037037,-0.08333333333333333
SOCYZXX12AB0183835,0.4895333333333334,-0.22222222222222224
SOZQCOR12A8151D3FC,0.46929629629629627,-0.16666666666666666
SOZPUVL12AB0188069,0.5921703703703703,0.6666666666666666
SORVMCT12A6D4FA8F7,0.33211851851851854,0.6708333333333334
SODVLYP12A6D4FCCA3,0.6073703703703704,0.055555555555555504
SOCUSAL12AB0182310,0.5992740740740741,-0.25
SODZSJG12A6D4F87AF,0.4513037037037037,-0.19444444444444445
SODJQBY12AC46885B5,0.4260333333333333,0.4006734006734007
SOOGOQH12A8C1415D7,0.7094370370370371,-0.02777777777777779
SODKOLK12A6D4FB6B1,0.5294925925925925,-0.11111111111111109
SOKRYXD12AC9075904,0.28824814814814814,-0.25
SOPKVPX12A8C13868F,0.6873777777777779,0.3888888888888889
SOLWGCZ12A6D4FA8F3,0.399937037037037,-0.02777777777777779
SOPFIWM12AB0186A0D,0.30308148148148145,0.027777777777777752
SODKKPS12AB018397C,0.5074148148148149,-0.02777777777777779
SOVBBUZ12A8C137B2D,0.40399999999999997,0.4444444444444445
SOAEGFO12A6D4F87AA,0.39563333333333334,-0.055555555555555546
SODWYJZ12AB018240F,0.5929962962962964,0.16666666666666666
SOIWQSF12AC468C3CD,0.49828888888888884,-0.25
SOVVGSH12A8C14085F,0.5929222222222222,0.0
SOPNUVB12A8C13627D,0.49639999999999995,-0.22222222222222224
SOAWLLC12AB01893BC,0.36460000000000004,0.16666666666666666
SOWJQRH12AB0186761,0.5295481481481481,-0.02777777777777779
SOGMTCP12A58A81E46,0.386237037037037,0.027777777777777752
SOIFMVY12A8AE467B1,0.3512518518518518,0.36527777777777776
SOGVDLQ12A58A7E3C5,0.3272,-0.02777777777777779
SODMQQB12AC3DF6CF0,0.4146,0.02777777777777783
SOHWOYN12A6D4F5F4B,0.31503703703703706,0.13888888888888884
SOUYOSU12A8C139214,0.520025925925926,0.4444444444444445
SOFFAYN12A58A7ACEC,0.2928740740740741,0.027777777777777752
SOFLYJP12A8C141B86,0.20820740740740742,-0.08333333333333333
SOUFLRE12A58A7D6A0,0.47777037037037035,0.5436507936507936
SOFKMDX12AB0184231,0.4673481481481481,-0.13888888888888892
SOFHZSP12A58A79004,0.4923925925925926,0.5461111111111111
SOZWVCA12A6D4F9774,0.4338592592592593,-0.08333333333333333
SOHKHHS12B350491C5,0.6932444444444444,0.08333333333333333
SOBBZZS12AB018EC5C,0.6608407407407408,-0.02777777777777779
SOGOMGW12AB0188626,0.8489666666666665,0.11111111111111116
SOTBGCQ12AB0186F00,0.38714814814814813,-0.02777777777777779
SOPMUGB12A8C13833E,0.4629555555555555,0.1944444444444445
SONCELS12A58A7D2A7,0.6149259259259259,0.4708333333333334
SORXFQI12A8C132FAC,0.4825185185185185,0.4355429292929293
SONKNTF12A6D4F59C5,0.5666148148148148,-0.16666666666666666
SOHNTED12A6702067E,0.32139999999999996,-0.25
SOVXRRI12A8C1450B6,0.5423037037037037,-0.13888888888888892
SOGPEMQ12A67020412,0.3546370370370371,0.42289562289562294
SOHUKRD12A58A797C3,0.3851851851851852,-0.02777777777777779
SONSCMZ12A6D4F6EE9,0.3950777777777778,0.6888888888888888
SOXYTFQ12AB01800BA,0.3701222222222222,-0.02777777777777779
SOQFMJN12AB0181D3D,0.958062962962963,-0.22222222222222224
SOFRBZI12AB0186AE8,0.44499259259259255,0.08333333333333333
SOPZFGB12A8C1343E0,0.38444814814814815,-0.08333333333333333
SOJDFOK12AB018211B,0.4593296296296296,0.1944444444444445
SOWAGSC12AB01815B1,0.6519037037037038,0.0
SOXLGIE12A6D4FD624,0.37241481481481487,0.0
SOATQEU12AB017BD60,0.5696370370370372,0.0
SOFSZCZ12A8C140AB4,0.38996666666666663,-0.08333333333333333
SOXBVUJ12A8C13CB38,0.3737851851851852,-0.055555555555555546
SOAZKKM12A6D4F7D9D,0.6086296296296296,-0.02777777777777779
SOZRMNB12AB017F016,0.7461444444444445,-0.22222222222222224
SOLISXB12A6D4FB3B6,0.4611592592592592,0.16666666666666666
SOCWKZV12AB018A943,0.48167407407407414,0.4395833333333334
SOLPKNI12A8C13CA50,0.6331111111111111,-0.08333333333333333
SOTZBSG12A8C141336,0.5446555555555557,-0.08333333333333333
SOUJKAH12A6701F2A5,0.5333962962962963,-0.055555555555555546
SOCEPXD12AB01829AA,0.4741,0.08333333333333333
SOKESRD12A6701E91C,0.3292185185185185,0.47222222222222215
SOJLMEY12A6D4FB027,0.5103851851851852,0.2656712962962963
SOVIKTX12AB017E98C,0.3291148148148148,0.22222222222222218
SOHELDA12A8C133D75,0.5005592592592593,0.3611111111111111
SOXRZUH12A6D4F68AB,0.4904814814814815,-0.02777777777777779
SOFCCPN12A8C1435FE,0.45311481481481486,0.027777777777777752
SOFIRFY12AC909716A,0.23693333333333333,-0.13888888888888892
SOFRINM12A6D4F7B10,0.3617888888888889,0.5112397119341564
SOWTNBZ12A6D4F90C4,0.3836259259259259,0.1944444444444445
SOUVEHM12A6D4FC57D,0.6298037037037036,-0.02777777777777779
SOFNWZV12A8C144495,0.46974074074074074,0.11111111111111116
SOCSIII12AB0183D7F,0.3783518518518519,0.027777777777777752
SOBHQGR12A8C134244,0.30231851851851854,0.1944444444444445
SOKODRA12A8C13B4B5,0.6442407407407407,0.055555555555555504
SOHDREN12A6D4F89EC,0.34729629629629627,0.05555555555555558
SOGZLAA12A8C137C6D,0.377474074074074,-0.08333333333333333
SOUNBZQ12A8C1366A3,0.4557185185185185,-0.11111111111111109
SOKEGBU12AB017FA3E,0.6163296296296297,-0.02777777777777779
SOTNVHX12A8AE45CE9,0.515874074074074,0.11111111111111116
SOYPBQN12AB018BE82,0.5407777777777777,-0.25
SOVEIDU12AC9097A10,0.5712814814814815,-0.02777777777777779
SOQCRIP12AB0184DA3,0.3805148148148148,0.11111111111111116
SORATLR12AAF3B3E19,0.2795814814814815,-0.08333333333333333
SOHPMTS12A8C14093A,0.3066629629629629,0.1944444444444445
SONBEKD12AB01894DC,0.5231740740740741,0.027777777777777752
SOJKIPU12A8C137B47,0.23570740740740742,-0.08333333333333333
SOBDGBW12A8C13D50B,0.37925555555555557,-0.16666666666666666
SOHUBRB12AB017E617,0.4460111111111111,0.11111111111111116
SOKQNUO12A6D4FAB22,0.3211481481481481,0.3611111111111111
SOPOCDY12A8C13F75A,0.3882259259259259,0.11111111111111116
SORZGSZ12A8C1337B7,0.3011185185185185,0.16666666666666666
SOAGBCW12AB0183D8F,0.6779555555555555,0.7245436507936507
SOUESWQ12A8C13588E,0.3128222222222222,0.11111111111111116
SOZQUKB12A8C13ACDB,0.5334296296296297,0.4311507936507937
SOSPNZF12AB018214F,0.6014074074074074,-0.08333333333333333
SOOGBEO12A58A7BBD7,0.40393333333333337,0.11111111111111116
SOPEPYA12AC90758FA,0.4555185185185185,0.0
SOBHHIZ12AB01841E0,0.5143555555555556,-0.25
SOEMSEL12A8C133A42,0.40738148148148146,0.1944444444444445
SOJDEBD12AB018512D,0.44585555555555556,0.02777777777777783
SOPNHHV12AB0184777,0.4242444444444445,0.0
SOXZAGF12CF5827515,0.4755814814814815,0.4247867564534231
SOXWTYQ12A58A7BDAD,0.2664888888888889,0.027777777777777752
SOSJRUA12AF729B7A7,0.5292333333333333,0.16666666666666666
SOSKUCS12A58A7955B,0.5785259259259259,0.13888888888888884
SOOYJKF12AB0183217,0.5306185185185185,0.13888888888888884
SOXYKNM12AB018D23A,0.3612444444444444,0.5123232323232323
SOMLMFQ12A8C13C834,0.3473074074074074,0.22222222222222218
SOHANSY12AB018132E,0.5327777777777778,-0.02777777777777779
SOPFGRC12A81C220E1,0.8679037037037037,0.1944444444444445
SOHCSSG12A58A7CF2D,0.6360851851851852,0.11111111111111116
SOGAGGI12AB0183FC6,0.3704333333333334,-0.13888888888888892
SOEVDCK12AB018A8F3,0.4633333333333333,-0.13888888888888892
SODKHSQ12AB0185513,0.6812592592592592,0.055555555555555504
SOTQWQL12A58A78E4F,0.4371111111111111,-0.02777777777777779
SOFLDSU12AC4689B1C,0.5928407407407408,0.13888888888888884
SORZCXI12AB0183DB4,0.49589259259259255,-0.08333333333333333
SOKDJRX12A8C146003,0.7787148148148147,0.7328703703703704
SOAOBPV12A8C13A57A,0.6591555555555556,0.5388888888888889
SOEENRO12AB01859DF,0.6109111111111111,0.561111111111111
SOGDDDA12AB017E80C,0.7776148148148148,0.5562169312169313
SOCSUYP12A58A79438,0.37158888888888886,0.13888888888888884
SOXYAYP12A6D4FF02E,0.48401111111111106,-0.19444444444444445
SOVNJBL12AB01840F9,0.33040740740740737,-0.08333333333333333
SOPYTWT12A6310EEF5,0.6575962962962962,-0.22222222222222224
SOQKLRU12AB018A995,0.5852444444444445,0.0
SOUYQXO12AB018B3FE,0.0,0.13888888888888884
SOSYSGH12AB0186C4F,0.4359111111111111,0.4114583333333333
SOOYBBU12A6D4F9AF3,0.4555777777777778,0.027777777777777752
SOCJWPN12A6D4FB3C5,0.4618259259259259,0.7328002244668911
SOFEGQU12A8C13A938,0.5037814814814815,0.7054523809523809
SOQBMLT12A8AE45F50,0.8282111111111112,-0.02777777777777779
SORLGJC12A8C13FADC,0.1491037037037037,-0.055555555555555546
SOUNVEQ12AB018630C,0.4641074074074074,0.027777777777777752
SOMZIHP12AC9E12A87,0.7229925925925926,0.13888888888888884
SOWETKI12A67ADC802,0.39266296296296294,0.16666666666666666
SONVVPY12A58A7A0A7,0.3960444444444445,0.13888888888888884
SOKFFSS12A8C1316E3,0.33674074074074073,0.11111111111111116
SOEPXYF12AB01821CA,0.5765148148148148,0.0
SOUNPPV12A8C13F5D3,0.5305148148148149,0.5035011574074074
SOJZHQO12AB0184E36,0.15419999999999998,0.0
SOHQKEZ12AC46875E9,0.3505481481481481,-0.02777777777777779
SOURCQF12A6D4F6F04,0.38149259259259255,-0.08333333333333333
SOMTEOW12A8C13C938,0.3535962962962963,0.16666666666666666
SOQRIGO12AB018A90E,0.3645481481481481,0.22222222222222218
SOAOPCG12AC468D27E,0.45492962962962963,-0.25
SOUDXDX12AB018B942,0.4518370370370371,0.11111111111111116
SOYIGVZ12A8C13C73D,0.5348592592592593,-0.08333333333333333
SOHGPEC12A8C13BBE8,0.5622222222222223,-0.22222222222222224
SOKNINP12AB018B233,0.34061111111111114,0.11111111111111116
SOMOFTZ12AB0182A54,0.49369259259259257,0.0
SOOWJBD12A8C139450,0.4450814814814815,-0.02777777777777779
SOLAARS12A58A7786C,0.2440777777777778,0.11111111111111116
SOGHDQR12A8AE47EA6,0.5999481481481481,0.16666666666666666
SOIULKI12A58A7D8CD,0.41002222222222223,0.48333333333333334
SOGVFPJ12A6D4F8105,0.6110074074074074,-0.19444444444444445
SOYXZSW12A3F1EA417,0.5777111111111111,-0.02777777777777779
SOSXERI12AB0190244,0.5333407407407408,0.6132996632996633
SONUXDT12A6D4FD8B7,0.29822592592592595,-0.055555555555555546
SOEXCDW12A58A7C4C9,0.3191259259259259,0.4403769841269842
SOLNWPG12A8C13B98E,0.5990333333333333,0.055555555555555504
SOXNYWA12AB01877E8,0.4005666666666666,0.16666666666666666
SOAERUU12A8C13F302,0.38516666666666666,0.027777777777777752
SOVDTAZ12A8BED7491,0.5849333333333334,0.16666666666666666
SOJCRRD12A58A7D438,0.5321333333333333,-0.055555555555555546
SOCNYWR12A8C135FA6,0.4419851851851852,0.11111111111111116
SOTRVGJ12AB0183B60,0.4633074074074074,0.16666666666666666
SOOVLKO12A58A7F7BA,0.2647333333333334,0.5416666666666666
SOLWCYO12A5829149B,0.3499962962962963,0.4678418803418803
SOIHAIA12AB01825F1,0.3334111111111111,0.5888888888888889
SOBTCVH12AC468BF22,0.4446185185185186,0.05555555555555558
SOACNLP12A81C230B1,0.22821481481481481,0.22222222222222218
SOXPWTF12A81355824,0.38200740740740746,0.3547619047619048
SOTBYOP12AB018BA7B,0.2725222222222222,0.11111111111111116
SOCCAYL12A8C144943,0.38158148148148147,0.1944444444444445
SOCFPEQ12A6D4FC241,0.31601851851851853,-0.08333333333333333
SONKMKL12AB018643C,0.5015777777777778,-0.02777777777777779
SOCGABN12A8AE481AB,0.6294481481481481,0.5894483024691358
SODHLEZ12A8AE4684B,0.48857407407407405,0.33402777777777776
SOUXGUH12AB0187661,0.611637037037037,0.16666666666666666
SOEILXI12AB017CBA6,0.3175703703703704,-0.02777777777777779
SOYOQSV12CF582753D,0.35183703703703706,-0.08333333333333333
SORDEXW12AB01844BE,0.33413703703703707,0.11111111111111116
SOYFPUW12A6D223ADC,0.34870370370370374,0.6388888888888888
SOALEMW12A8C141B54,0.32708518518518515,0.05555555555555558
SONPCEY12AF729F0BF,0.6284148148148148,0.5080789580789581
SOWQSUC12A6D4F969C,0.5011629629629629,0.7392045454545454
SOGQEED12A8C13FCDB,0.4039962962962963,0.479585326953748
SOGARVR12A8C13460B,0.5070925925925925,-0.11111111111111109
SOGMUJM12A8C13BE4C,0.326,0.027777777777777752
SOJXRWG12AC9E15691,0.7239333333333334,0.027777777777777752
SOIRCEO12A8C134D85,0.5743703703703704,-0.22222222222222224
SOCQKYB12AB018851F,0.3712185185185185,-0.02777777777777779
SOIUJNU12A6D4FB62D,0.26151111111111114,-0.16666666666666666
SOJVMJI12AF72A14F8,0.548037037037037,0.0
SONHEAC12AB01886A5,0.34805925925925923,-0.13888888888888892
SOMGJCG12A8C135211,0.4698333333333333,-0.11111111111111109
SOBVTWE12AB01872C8,0.5155037037037037,0.0
SOQAZYX12AB0182724,0.3254518518518519,0.5805555555555555
SOIXZBS12A8C13DAFB,0.3492962962962963,-0.11111111111111109
SOYMWXX12A8C139730,0.6022888888888889,0.0
SOANVVN12A8AE452E2,0.6148222222222223,-0.22222222222222224
SOTBDQJ12A8C136EAF,0.3176888888888889,0.5227777777777778
SOMSKXY12AC3DF61C1,0.5517592592592593,0.05555555555555558
SOMKGQN12A8C1339D2,0.5658703703703704,0.665079365079365
SOBRAEX12A6D4F8F86,0.4333370370370371,-0.11111111111111109
SOAFHKH12AC90757B7,0.49560000000000004,-0.055555555555555546
SOEFXUF12AB018418B,0.6000925925925926,0.16666666666666666
SOYYBBC12A58A7A468,0.5176592592592593,0.05555555555555558
SOPDFZN12A670215C4,0.3276703703703704,0.11111111111111116
SOPBCQA12AB017CD16,0.49569629629629625,0.16666666666666666
SOPKFPV12A8C141BA2,0.4718037037037037,0.6789833711262282
SOCWKCI12A8C136DBB,0.5101518518518519,0.05555555555555558
SOEHHBS12A8C13587E,0.5102,-0.02777777777777779
SOCQDVP12A8C1402DC,0.3320666666666666,0.0
SOGBXMY12AB01826BE,0.308937037037037,0.4444444444444445
SORFOYB12A6701FE39,0.2632481481481481,-0.055555555555555546
SOEYLBU12AB017F771,0.4883333333333333,-0.13888888888888892
SODPFQN12AB0182AE2,0.3166888888888889,0.05555555555555558
SOMLCEU12A6D4FAB01,0.39410000000000006,0.0
SOQQVIP12A8C13E7E6,0.5027148148148148,-0.19444444444444445
SOQTDME12AB0183F30,0.3951148148148148,0.6666666666666666
SOJNQAS12A8C134963,0.1659851851851852,-0.08333333333333333
SOZMKSN12AC96186C4,0.4376555555555556,0.11111111111111116
SOLXPOJ12AC468AC3F,0.5926148148148148,0.08333333333333333
SOAVASI12AB01899F3,0.0,0.0
SOINODQ12CF5826752,0.35621851851851855,-0.055555555555555546
SOWCTGJ12AB0184820,0.5558777777777778,0.055555555555555504
SOMRZTC12AB01884CC,0.7296703703703703,0.02777777777777783
SOETDZH12A8C132076,0.2761111111111111,0.1944444444444445
SOZCBCO12A8C142714,0.47865555555555556,0.11111111111111116
SOJLZWC12A6701EB67,0.7252740740740741,-0.055555555555555546
SOFXMHL12AB01850EF,0.36747777777777774,0.1944444444444445
SOAZXQK12A6D4F9D99,0.41064814814814815,0.11111111111111116
SOTLPCJ12AB0189D0C,0.5998555555555556,-0.08333333333333333
SOSCQEX12A6D4F965A,0.5576777777777777,0.3095679012345679
SOBTSWX12AC46891BB,0.2718925925925926,-0.08333333333333333
SOGLLEM12AB0188E6E,0.3332037037037037,-0.02777777777777779
SOMWKPQ12A679D8AEA,0.5466629629629629,0.027777777777777752
SOPHDZJ12A6D4F95CD,0.3703444444444444,0.6111111111111112
SOZXTKD12A8C13FC43,0.2655814814814815,-0.13888888888888892
SOZGSEZ12A8C137C40,0.34450740740740743,-0.08333333333333333
SOGEXXB12AB0185D45,0.8416555555555556,0.11111111111111116
SOKHQEF12AB0183CF6,0.4738407407407408,0.16666666666666666
SOLCCPG12AB017C6AF,0.41674814814814815,-0.08333333333333333
SODSTPI12AB018A4C9,0.4107,0.22222222222222218
SOZAVJO12A8C144B05,0.6131555555555557,0.6666666666666666
SOFLYRR12AB0181D04,0.7163925925925926,-0.02777777777777779
SODJEJR12AB018A460,0.35504814814814817,0.05555555555555558
SOVBQWR12A8C137843,0.3735888888888889,0.22222222222222218
SOYIDUQ12A8C136E86,0.549125925925926,-0.02777777777777779
SOJZKQG12A8C131DDC,0.35777037037037035,0.1944444444444445
SOBZRVN12A6D4FBB17,0.36592592592592593,-0.02777777777777779
SOWEEDF12A58A765D9,0.40307037037037036,0.16666666666666666
SOJHGZJ12AB0187E31,0.3632259259259259,-0.055555555555555546
SOGUHFC12AC46895A7,0.5110222222222223,0.6666666666666666
SONVBPG12A8C13F8A4,0.5554962962962964,0.4276461988304094
SOKINCY12A6D4FB7CD,0.7076407407407407,0.49911541005291005
SOUCCAM12AB0181444,0.14824814814814816,0.30648148148148147
SOLIQRN12A8C1391A6,0.4181370370370371,-0.08333333333333333
SOHNPLG12AB0182004,0.6271592592592593,-0.25
SOSIDUF12AC468D60B,0.4965037037037037,0.16666666666666666
SOSDNNL12AB017BEBD,0.4932592592592593,-0.055555555555555546
SOEKFRD12A8C13CC0A,0.44381851851851856,-0.08333333333333333
SOWZSFY12A67AD820C,0.4537444444444445,-0.25
SOCYWHV12A8C13CE5F,0.45178888888888885,0.02777777777777783
SOQJDEK12A8AE45E7A,0.4757407407407407,0.7002314814814815
SOWMTOJ12AB018BBF2,0.5012740740740741,0.11111111111111116
SOZLBTL12A8AE48237,0.31116666666666665,-0.02777777777777779
SOCNSLB12CF5F88EF7,0.5964185185185185,-0.055555555555555546
SOYYHCR12A8AE484B5,0.3864666666666667,0.22222222222222218
SOHDPIN12AC960DAC9,0.34678888888888887,0.0
SOEKWOW12AAF3B5E1B,0.38350370370370374,0.027777777777777752
SOGTAFY12AB017CF0D,0.3406962962962963,0.08333333333333333
SOPDTXH12A8C1411BD,0.5283925925925926,-0.02777777777777779
SOKCJMY12A8C1449C1,0.613411111111111,0.3631944444444444
SORFCGF12AF729DD6E,0.3282481481481482,-0.055555555555555546
SOEQESA12AB018A24A,0.3370666666666666,0.055555555555555504
SOUYRLG12A8A9D5A50,0.5675962962962963,0.0
SOLLLZR12AB0180455,0.40392222222222224,-0.055555555555555546
SOGQCRP12AAA15D558,0.5774296296296296,0.6138888888888889
SOAFAGP12A81C22CC3,0.42841111111111113,0.11111111111111116
SODRVWF12A58A7DB20,0.46825185185185186,0.0
SOHNMFU12A6D4FBCE6,0.5188296296296296,0.08333333333333333
SOIPFDV12A58A7C1CE,0.3331740740740741,0.3833333333333333
SOTLKSK12A58A7E3DB,0.46071481481481474,-0.02777777777777779
SOPWTDE12A8C143C71,0.3153888888888889,-0.055555555555555546
SOIFTWG12AF72A1F55,0.4259777777777778,-0.16666666666666666
SOGECCF12A6D4F8AD7,0.5541814814814815,0.22222222222222218
SOWXFNB12A8C13F8F3,0.3271888888888889,-0.16666666666666666
SOSLWIY12AB018B6A8,0.41863333333333336,0.22222222222222218
SOXRFSL12A58A78723,0.3985074074074074,-0.13888888888888892
SOYNIER12AB0188280,0.6288777777777778,0.16666666666666666
SOAECCP12AB0186ADB,0.3513074074074074,0.02777777777777783
SOUDRIY12A8C13B59A,0.6757629629629629,0.11111111111111116
SOZPFXD12A58A7E0CC,0.4418185185185185,0.0
SOFIEJM12A8C141ABD,0.514848148148148,0.13888888888888884
SOPKJJT12A8C1433B0,0.7724703703703704,0.08333333333333333
SOGIMLG12A8C13A2C8,0.48745185185185186,0.22222222222222218
SOTZYDA12AC4686E81,0.5591037037037037,-0.055555555555555546
SOMCLSH12AF72A5CA4,0.3919888888888889,-0.055555555555555546
SOJBVZV12A8C13B50C,0.37205555555555553,-0.08333333333333333
SORWYTZ12AB018D5C8,0.3556925925925926,-0.11111111111111109
SOGGUFB12A6D4F8977,0.4055888888888889,0.6111111111111112
SOBWEDN12AB0189E3B,0.47408888888888884,0.11111111111111116
SOXDWON12AB018612D,0.5744111111111111,-0.055555555555555546
SOHGCAM12AB018B2DB,0.4629074074074074,0.055555555555555504
SOQUXGF12AB018685C,0.4426888888888889,0.22222222222222218
SOGHZWU12AB017C49D,0.3559703703703704,-0.02777777777777779
SOCINAM12A8C13D160,0.30249629629629626,0.6244444444444445
SOFHMOJ12A8C142DB0,0.5374259259259259,-0.055555555555555546
SOPIHQU12A670200C6,0.6762555555555556,0.11111111111111116
SOCPGGC12A6D4FC2B9,0.3111740740740741,0.11111111111111116
SOFDLKQ12AB018601E,0.40764814814814815,0.0
SONOBCB12A8C1397B9,0.4814481481481482,-0.08333333333333333
SOHJFQF12A58A77855,0.46019629629629627,0.5227324263038549
SOZZFUI12A8C133D6D,0.21624814814814816,0.027777777777777752
SOXWMCM12A81C219D4,0.577137037037037,0.055555555555555504
SOPHTXQ12A6D4FCE59,0.5770925925925926,-0.02777777777777779
SORXHUD12AB0186030,0.5662481481481482,-0.02777777777777779
SOLFWDJ12A6D4F9CEB,0.44458888888888887,0.4166666666666667
SOBNMQD12A8C134323,0.5995111111111111,0.5766666666666667
SOBPVNW12A8C135CB5,0.35530370370370373,0.13888888888888884
SOSBDCE12A6D4FA0B6,0.41629629629629633,0.05555555555555558
SOXXWCR12A58A7D4FA,0.5065851851851851,0.4611111111111111
SONLCEB12A8C144355,0.3091148148148148,-0.02777777777777779
SOJEUFH12A8C1360BB,0.8375777777777778,0.08333333333333333
SOEXCSV12A8C13D4EE,0.48540370370370367,-0.08333333333333333
SOAZWHG12AB01861BA,0.46775555555555554,0.08333333333333333
SOMFBRG12A6D4F9014,0.5684222222222222,0.02777777777777783
SOHYYEY12AB0185DAD,0.5447666666666667,0.027777777777777752
SOFEETM12A8C13D151,0.6059407407407407,0.5213541666666667
SOJTZQO12AC960DB2A,0.41708518518518517,0.45555555555555555
